video_name,wer,rouge1_f1,rouge2_f1,rougeL_f1
lecture_1.mp4,0.0,0.591304347826087,0.17699115044247787,0.3826086956521739
